"","tax_id","stnum","stname","zip","frontfeet","depth","sqft","acres","nhood","ward","censustract","landuse","yearbuilt","units","vacantbuild","watersvc","assessedland","assessedval","citytaxable","starc","taxtrust","amtdelinqt","taxyrsdelinqt","overduewater","totint"
"1","31150010100000100080010000","484-98","SALINA ST S & ONONDAGA ST","13078",143.71,273.24,57934.9309557811,1.330003,"Downtown","09","32","Parking",0,0,NA,NA,650000,650000,650000,650000,NA,0,0,0,0
"2","31150010300000150050000000","311-17","WATER ST E TO ERIE BLVD E","13202",79.09,78.71,6209.2875127191,0.142546,"Downtown","15","32","Commercial",1950,0,"N","A",61600,112000,0,0,NA,0,0,0,0
"3","31150010300000160010000000","257","WATER ST E & MONTGOMERY S","13202",41,60,2474.54937594631,0.056808,"Downtown","09","32","Parks",0,0,"N",NA,24600,24600,0,0,NA,0,0,0,0
"4","31150010300000160020000000","251","WATER ST E TO ERIE BLVD E","14534",40.89,60,2466.5013066888,0.056623,"Downtown","09","32","Commercial",1900,0,"N","A",24000,211000,211000,211000,NA,0,0,0,0
"5","31150010300000160030000000","243-49","WATER ST E TO ERIE BLVD E","13066",41.63,60,2499.42374639834,0.057379,"Downtown","09","32","Commercial",1950,0,"N","A",24600,384000,384000,384000,NA,0,0,0,0
"6","31150010300000160040000000","239","WATER ST E TO ERIE BLVD E","13088",20.81,60,1243.83734251091,0.028555,"Downtown","09","32","Commercial",1950,0,"N","A",24000,160000,160000,160000,NA,0,0,45.64,0
"7","31150010300000160050000000","235","WATER ST E TO ERIE BLVD E","13202",20.81,60,1248.00638837814,0.02865,"Downtown","09","32","Commercial",1980,0,"N","A",24000,166000,166000,166000,NA,0,0,2.13,0
"8","31150010300000160060000000","207-33","WATER ST E TO ERIE BLVD E","13202",136.94,60,8169.09670685058,0.187537,"Downtown","09","32","Commercial",1980,0,"N","A",104400,225000,225000,225000,NA,0,0,2.41,0
"9","31150010300000160070000000","203","WATER ST E & WARREN ST S","13202",28.26,59,1694.2423123712,0.038894,"Downtown","09","32","Commercial",1940,0,"N","A",33000,396000,205000,205000,NA,0,0,323.88,0
"10","31150010400000170010000000","135","WATER ST E & WARREN ST S","13088",57.3,59.44,3390.14145568663,0.077827,"Downtown","09","32","Commercial",1887,0,"N","A",100900,3e+05,3e+05,3e+05,NA,0,0,0,0
"11","31150010400000170030010000","125-31","WATER ST E TO ERIE BLVD E","13902",62.35,59,3648.57981784143,0.08376,"Downtown","09","32","Commercial",1900,0,"N","A",91000,635000,635000,635000,NA,15106.84,2,1156.16,2468.88
"12","31150010400000170040000000","123","WATER ST E TO ERIE BLVD E","13031",21,59,1237.14975741829,0.028401,"Downtown","09","32","Commercial",1832,0,"N","A",31200,260300,139300,139300,NA,0,0,0,0
"13","31150010300000150060000000","301","WATER ST E & ERIE BLVD E","13202",180,82.65,14535.5274742093,0.33369,"Downtown","15","32","Community Services",1950,0,"N","A",147600,632000,0,0,NA,0,0,15,0
"14","31150010400000170050000000","119-21","WATER ST E TO ERIE BLVD E","13203",26.22,59,1569.88572432042,0.03604,"Downtown","09","32","Commercial",1894,0,"N","A",46000,208000,208000,208000,NA,0,0,15,0
"15","31150010400000170060000000","101-13","WATER ST E & SALINA ST S","13215",135.76,30,5976.09806570726,0.137192,"Downtown","09","32","Commercial",1900,0,"N","A",220000,6e+05,6e+05,6e+05,NA,0,0,0,0
"16","31150010400000190030030000","204","WATER ST W TO ERIE BLVD W","73154",115.28,53.88,6215.37409835402,0.142685,"Downtown","09","32","Vacant Land",NA,0,"N",NA,187000,187000,0,0,NA,0,0,0,0
"17","31150010400000190030020000","208","WATER ST W TO ERIE BLVD W","73154",346.13,55.07,18963.2218055833,0.435336,"Downtown","09","32","Commercial",1900,0,"N","A",568000,1709000,0,0,NA,0,0,0,0
"18","31150010400000200020020000","102","FRANKLIN ST S & ERIE BLVD","12202",62.9,55,3492.74986228944,0.080183,"Downtown","09","32","Vacant Land",NA,0,NA,NA,40000,40000,0,0,NA,838.7,5,0,360.32
"19","31150010400000200020010000","324","WATER ST W TO ERIE BLVD W","13202",495.45,90.5,40454.7199808865,0.928713,"Downtown","09","32","Vacant Land",NA,0,"N",NA,404000,404000,404000,404000,NA,0,0,0,0
"20","31150010400000180010000000","98","SALINA ST S & ERIE BLVD W","13202",75,260,14409.8239316883,0.330804,"Downtown","09","32","Parks",0,0,"N",NA,476800,476800,0,0,NA,0,0,0,0
"21","31150010400000010050000000","440","GENESEE ST W","13202",140,245,37769.7144940073,0.867073,"Downtown","02","21.01","Parking",0,0,"N",NA,90000,103400,103400,103400,NA,0,0,0,0
"22","31150010400000040010000000","106-24","HERALD PL & CLINTON ST N","13202",274.58,79.01,23051.6950395173,0.529194,"Downtown","09","32","Parking",0,0,"N",NA,165000,165000,165000,165000,NA,0,0,0,0
"23","31150010400000020010000000","200-10","HERALD PL & CLINTON ST N","13202",180,134.33,26406.8467747755,0.606218,"Downtown","09","32","Commercial",0,0,"N",NA,120600,220600,220600,220600,NA,0,0,0,0
"24","31150010400000020020000000","212","HERALD PL & FRANKLIN ST N","13202",120,148.33,17803.1749618178,0.408705,"Downtown","09","32","Commercial",1930,0,"N","A",88500,964000,964000,964000,NA,0,0,0,0
"25","31150009600000040060000000","240","ADAMS ST W REAR","13202",11.74,17,82.2932257385132,0.001889,"Downtown","09","32","Vacant Land",NA,0,"N",NA,200,200,0,0,NA,0,0,0,0
"26","31150009600000040010000000","251","ONONDAGA ST W","13078",68.96,51.99,2887.99112853128,0.066299,"Downtown","09","40","Vacant Land",NA,0,"N",NA,3500,3500,3500,3500,NA,5913.3,39,0,8010.95
"27","31150009600000040020000000","245-47","ONONDAGA ST W","13202",40,18,489.07478830371,0.011228,"Downtown","09","40","Vacant Land",NA,0,"N",NA,700,700,700,700,NA,6386.85,66,0,13522.48
"28","31150009600000050050000000","144","ADAMS ST W & CLINTON ST S","13202",36,120,4320.13074587793,0.099177,"Downtown","09","32","Parking",1988,0,"N",NA,25400,36000,36000,36000,NA,0,0,0,0
"29","31150009600000050040000000","580-84","SALINA ST S & ADAMS ST W","13202",61.4,132,8138.93273061147,0.186844,"Downtown","09","32","Commercial",1965,0,"N","A",90100,490000,430000,430000,NA,0,0,0,0
"30","31150009500000020060000000","249-55","ADAMS ST E","13202",53,66,3550.02098083397,0.081497,"Downtown","09","32","Parking",0,0,"N",NA,71000,76000,76000,76000,NA,6133,5,0,666.69
"31","31150009600000040030000000","211","ONONDAGA ST W REAR","13202",85,275,10596.0188392248,0.243251,"Downtown","09","Null","Vacant Land",NA,0,"N",NA,11700,11700,0,0,NA,0,0,0,0
"32","31150009600000040040000000","211","ONONDAGA ST W","13027",103,283.4,25453.6895782136,0.584336,"Downtown","09","32","Vacant Land",NA,0,"N",NA,1e+05,1e+05,1e+05,1e+05,NA,325.14,1,0,9.75
"33","31150009600000050020010000","556-72","SALINA ST S TO ADAMS ST W","13202",152.93,250.34,41169.3259214719,0.945118,"Downtown","09","32","Commercial",1990,0,"N","A",384800,1092900,0,0,NA,0,0,105.11,0
"34","31150009600000040050000000","200-16","ADAMS ST W & CLINTON ST S","13326",100,322.8,24149.9628983909,0.554407,"Downtown","09","32","Utilities",0,0,"N",NA,250000,283300,0,0,NA,0,0,0,0
"35","31150009500000020050000000","618-32","MONTGOMERY ST & ADAMS ST","13202",247.5,293.42,62350.0261607443,1.43136,"Downtown","09","32","Parking",0,0,"N",NA,505700,521000,521000,521000,NA,47128.85,7,0,5036.67
"36","31150009500000040030010000","817-35","STATE ST S & ADAMS ST E","13202",224.41,404.22,91732.031912357,2.105878,"Downtown","15","32","Parking",1992,0,"N","A",1850000,8491200,0,0,NA,0,0,28.3,0
"37","31150009500000020040000000","616","MONTGOMERY ST","13202",44.5,160,7120.00937851871,0.163453,"Downtown","09","32","Parking",0,0,"N",NA,1e+05,107000,107000,107000,NA,8402.93,5,0,871.14
"38","31150010100000110010030000","618","CLINTON ST S & GIFFORD ST","13204",28.5,32.5,546.436248368679,0.012544,"Downtown","09","32","Vacant Land",NA,0,"N",NA,10000,10000,0,0,NA,931.56,4,0,841.1
"39","31150009600000060020000000","599","SALINA ST S & ADAMS ST E","13205",381,114.21,62419.4920359994,1.432954,"Downtown","09","32","Utilities",2012,0,NA,"A",914000,7960000,0,0,NA,0,0,0,0
"40","31150010100000110010020000","610-12","CLINTON ST S","13210",40,35,1131.84044834876,0.025983,"Downtown","09","32","Vacant Land",NA,0,"N",NA,4200,4200,4200,4200,NA,397.49,3,0,54.48
"41","31150009500000020030000000","604-12","MONTGOMERY ST","13202",153,160,24479.9744190289,0.561983,"Downtown","09","32","Parking",0,0,"N",NA,342700,367200,367200,367200,NA,28352.72,5,0,2665.09
"42","31150009600000050010000000","500-50","SALINA ST S & ONONDAGA ST","11554",285.58,250.34,54805.6722743186,1.258165,"Downtown","09","32","Commercial",1970,0,"N","A",671300,3500000,3500000,3500000,NA,0,0,1628.86,0
"43","31150009500000040010020000","805","STATE ST S & HARRISON ST","13202",218.42,536.01,111897.297978379,2.568808,"Downtown","15","32","Vacant Land",NA,0,NA,NA,1725800,1725800,0,0,NA,0,0,0,0
"44","31150009500000050020000000","507-23","ADAMS ST E & TOWNSEND ST","13202",334,504.44,121443.222654626,2.787953,"Downtown","15","32","Apartment",1960,139,"Y","A",2356000,7645000,0,0,NA,0,0,0,0
"45","31150009500000030010010000","800","STATE ST S & HARRISON ST","13202",495.63,295.37,146437.523481763,3.361743,"Downtown","15","32","Recreation",1992,0,"N","A",2140700,4e+07,0,0,NA,0,0,980.86,0
"46","31150009500000020020000000","600","MONTGOMERY ST & HARRISON","13217",50,144,7213.08349401824,0.16559,"Downtown","09","32","Commercial",1960,0,"N","A",114700,750000,750000,750000,NA,0,0,189.58,0
"47","31150009500000010010010000","601-77","WARREN ST S & ADAMS ST E","13202",495.28,132,65399.4038519998,1.501364,"Downtown","09","32","Parking",1993,0,"N","A",1306800,11390000,0,0,NA,127259.56,38,0,218913.87
"48","31150010100000100090010000","130-44","ONONDAGA ST W & CLINTON S","13078",118.11,158,10031.9020400636,0.230301,"Downtown","09","32","Parking",0,0,NA,NA,160000,160000,160000,160000,NA,0,0,0,0
"49","31150009600000060010000000","501-23","SALINA ST S & HARRISON ST","13201",138.5,269.94,32935.0735804586,0.756085,"Downtown","09","32","Parking",1975,0,"N","A",417000,2639000,1050000,1050000,NA,0,0,0,0
"50","31150010100000110020000000","103","DICKERSON ST REAR","13202",70,268,14073.2761382993,0.323078,"Downtown","08","Null","Vacant Land",NA,0,"N",NA,18800,18800,0,0,NA,0,0,0,0
"51","31150010100000110010010000","103","DICKERSON ST & CLINTON ST","13210",77,149.97,7452.30557900712,0.171081,"Downtown","09","32","Vacant Land",NA,0,"N",NA,23000,23000,23000,23000,NA,1577.99,3,0,97.3
"52","31150009500000050010000000","525-619","ADAMS ST E TO HARRISON ST","13204",390.19,475.33,183526.690031327,4.213193,"Downtown","15","32","Commercial",1960,0,"N","A",2579300,8048700,8048700,8048700,NA,0,0,840,0
"53","31150010100000110030000000","101","DICKERSON&CLINTON ST S&GI","13326",44,230,8334.85698368842,0.191342,"Downtown","09","32","Utilities",0,0,NA,NA,66900,66900,0,0,NA,0,0,0,0
"54","31150010200000070020000000","727","STATE ST S","13202",110.7,260,28782.0131446103,0.660744,"Downtown","15","32","Community Services",1968,0,"N","A",572000,4874500,0,0,NA,0,0,7.5,0
"55","31150010100000100070010000","482","SALINA ST S","13078",25,183.24,4581.02287867141,0.105166,"Downtown","09","32","Parking",0,0,"N",NA,92000,92000,92000,92000,NA,0,0,0,0
"56","31150010200000120020020000","235","HARRISON ST & WARREN ST S","13202",471.66,167.1,77584.3759021865,1.781092,"Downtown","09","32","Commercial",1968,0,"N","A",3924150,4800000,0,0,NA,0,0,0,0
"57","31150010100000100060000000","476-80","SALINA ST S","13202",55,273.24,17323.6754169904,0.397697,"Downtown","09","32","Commercial",1940,0,"Y","A",145000,150000,150000,150000,NA,151.59,1,755.55,4.55
"58","31150010200000060090000000","513-27","HARRISON ST & TOWNSEND ST","13204",290,230,60200.7138376167,1.382018,"Downtown","15","32","Commercial",1985,0,"N","A",1334000,7e+06,7e+06,7e+06,NA,0,0,0,0
"59","31150010100000090010000000","100-08","ONONDAGA ST E & WARREN ST","13221",366.07,251.31,44161.428867956,1.013807,"Downtown","09","32","Commercial",1924,0,"N","A",1071000,1374000,1374000,1374000,NA,309621.8,8,3098.83,51972.98
"60","31150010100000100050000000","462-74","SALINA ST S TO CLINTON ST","13202",113.02,273.25,29670.028408481,0.68113,"Downtown","09","32","Commercial",1960,0,"N","A",541200,1675000,1675000,1675000,NA,0,0,15,0
"61","31150010100000080040010000","111-13","ONONDAGA ST E & SALINA ST","13204",229.63,238.27,26261.8292128771,0.602889,"Downtown","09","32","Commercial",1980,0,"N","A",918000,2560000,2560000,2560000,NA,805852.45,18,0,284542.57
"62","31150010200000110010000000","200","MADISON ST & STATE ST S &","13202",287.35,358.98,99304.6603541209,2.279721,"Downtown","15","32","Recreation",1930,0,"N","A",2054900,6287300,0,0,NA,0,0,1681.12,0
"63","31150010200000060080000000","426-502","MADISON ST TO HARRISON ST","13210",194.23,418.17,76191.2685665395,1.749111,"Downtown","15","32","Apartment",1985,139,"N","A",1621900,2350000,0,0,NA,0,0,1390.76,0
"64","31150010200000120010030000","100","MADISON ST & WARREN ST S","10007",471.79,179.31,85301.6591363241,1.958257,"Downtown","09","32","Commercial",1980,0,"N","A",1604300,34560000,0,0,NA,0,0,0,0
"65","31150010200000070010000000","431","HARRISON ST & TOWNSEND ST","13202",236.46,367.55,85644.8411585336,1.966135,"Downtown","15","32","Parking",0,0,"N",NA,1306000,1448900,0,0,NA,0,0,0,0
"66","31150010200000140060000000","499","WARREN ST S TO ONONDAGA S","11213",120.41,171.93,8728.94844891688,0.200389,"Downtown","09","32","Commercial",1983,0,"N","A",430900,670000,570000,570000,"ATRUST",102175.13,11,0,31194.57
"67","31150010100000120060000000","550","CLINTON ST S","13209",304,228.18,41047.4058698868,0.942319,"Downtown","09","32","Apartment",1971,294,"N","A",329200,8565600,220600,220600,NA,0,0,260.19,0
"68","31150010200000060060000000","601","TOWNSEND ST S & MCCARTHY","02109",403.61,562.05,175975.897893552,4.039851,"Downtown","15","32","Apartment",1985,257,"N","A",2601500,10953000,244250,244250,NA,0,0,14008.34,0
"69","31150010200000140070000000","451","WARREN ST S","13035",37,87,3206.84194700568,0.073619,"Downtown","09","32","Commercial",1975,0,"N","A",193100,325000,325000,325000,NA,0,0,0,0
"70","31150010100000080040020000","457","SALINA ST S","13204",38.99,148.5,5686.64660895107,0.130547,"Downtown","09","32","Commercial",1980,0,"N",NA,338000,380000,380000,380000,NA,100399.07,17,0,33430.8
"71","31150010200000060070000000","506-14","MADISON ST","13204",193.5,150.54,29768.5843371428,0.683393,"Downtown","15","32","Parking",0,0,"N","A",4e+05,4e+05,4e+05,4e+05,NA,0,0,0,0
"72","31150010100000080030010000","147","ONONDAGA ST E","14604",171.67,45.86,17513.9101492639,0.402064,"Downtown","09","32","Parking",0,0,"N",NA,3e+05,420000,420000,420000,NA,0,0,0,0
"73","31150010100000080050000000","449-53","SALINA ST S","13202",56.87,148.5,7618.49536731611,0.174897,"Downtown","09","32","Commercial",1930,0,"Y",NA,330000,480000,480000,480000,NA,0,0,0,0
"74","31150010100000100030010000","450-60","SALINA ST S TO CLINTON ST","13202",143.38,273.24,40367.7853352621,0.926717,"Downtown","09","32","Commercial",1960,0,"N","A",888500,2535000,2535000,2535000,NA,0,0,806.39,0
"75","31150010200000070030000000","701-23","STATE ST S TO HARRISON ST","13202",257.08,535,127262.388105192,2.921542,"Downtown","15","32","Parking",1970,0,"N","A",1894000,2184000,0,0,NA,0,0,0,0
"76","31150010200000130060000000","424-26","MONTGOMERY ST & MADISON S","13202",80,158,14148.9806175794,0.324816,"Downtown","09","32","Schools",1960,0,"N","A",210800,410000,0,0,NA,0,0,0,0
"77","31150010200000130010000000","214-232","ONONDAGA ST E & MADISON S","13202",202.78,190,17000.9675677192,0.390289,"Downtown","09","32","Religious",1960,0,"N","A",364300,802100,0,0,NA,0,0,0,0
"78","31150010100000100020000000","444","SALINA ST S TO CLINTON ST","13202",100.21,273.24,27271.4950201133,0.626067,"Downtown","09","32","Community Services",1940,0,"N","A",747600,1565400,0,0,NA,1135.91,3,0,853.56
"79","31150010200000130050000000","414-22","MONTGOMERY ST","13202",123.92,120,10595.8897538566,0.243248,"Downtown","09","32","Religious",1960,0,"N","A",164400,524400,0,0,NA,0,0,0,0
"80","31150010200000140040000000","233","ONONDAGA ST E","13202",28.15,64.28,2143.89761461126,0.049217,"Downtown","09","32","Parking",0,0,"N",NA,39400,40000,40000,40000,NA,0,0,0,0
"81","31150010200000140080000000","443","WARREN ST S","13202",40,86,3476.8147093079,0.079817,"Downtown","09","32","Commercial",1975,0,"Y","A",103200,235000,235000,235000,NA,0,0,0,0
"82","31150010100000120020030000","102","DICKERSON ST","13204",118.28,871.9,140682.031805975,3.229615,"Downtown","09","32","Vacant Land",NA,0,"N",NA,2234000,2234000,0,0,NA,0,0,0,0
"83","31150010200000100020000000","600","STATE ST S & MADISON ST &","13202",283.29,287.43,81588.8606675785,1.873023,"Downtown","15","32","Community Services",1980,0,"N","A",1624400,48194000,0,0,NA,0,0,35,0
"84","31150010100000060020010000","333-49","SALINA ST S TO BANK ALLEY","13202",182,132,24989.0669097254,0.57367,"Downtown","09","32","Commercial",1950,0,"N","A",888500,1497000,1497000,1497000,NA,0,0,0,0
"85","31150010200000060020010000","522","GENESEE ST E TO TOWNSEND","13220",114.65,255.03,42442.8178563284,0.974353,"Downtown","15","32","Commercial",1985,0,"N","A",479800,968000,742000,742000,NA,0,0,0,0
"86","31150010100000070060000000","125","JEFFERSON ST E & WARREN S","13202",132,223.5,29556.4387035633,0.678522,"Downtown","09","32","Commercial",1975,0,"N","A",1034600,3203000,0,0,NA,0,0,20,0
"87","31150010200000090010000000","338","ONONDAGA ST E & STATE ST","13202",252.12,231.14,21710.5341712658,0.498405,"Downtown","15","32","Religious",1959,0,"N","A",343200,708100,0,0,NA,0,0,0,0
"88","31150010200000020090000000","327","MONTGOMERY ST","13202",33,132,4355.99070045031,0.1,"Downtown","15","32","Commercial",1970,0,"N","A",89100,100500,0,0,NA,0,0,44.41,0
"89","31150010100000050100000000","338-46","SALINA ST S","13202",40.97,113,4544.89879557888,0.104337,"Downtown","09","32","Commercial",1950,0,"N","A",180800,314000,314000,314000,NA,0,0,15,0
"90","31150010100000050200000000","407","CLINTON ST S REAR","13215",23,80,1710.52854362862,0.039268,"Downtown","09","32","Vacant Land",NA,0,"N",NA,11000,11000,11000,11000,NA,0,0,0,0
"91","31150010100000060040000000","331","SALINA ST S TO BANK ALLEY","11213",24.72,132,3263.04618006167,0.074909,"Downtown","09","32","Commercial",1900,0,"N",NA,126700,180000,180000,180000,NA,9801.53,4,0,673.02
"92","31150010100000050090000000","336","SALINA ST S","13202",20,136,2714.1120586355,0.062307,"Downtown","09","32","Commercial",NA,0,"N",NA,90000,128250,128250,128250,NA,0,0,0,0
"93","31150010200000060010000000","500","GENESEE ST E & TOWNSEND S","13202",99.9,82.06,5587.9806225132,0.128282,"Downtown","15","32","Vacant Land",NA,0,"N",NA,120600,120600,0,0,NA,0,0,0,0
"94","31150010200000010080000000","205-09","JEFFERSON ST E","11213",41,66,2689.4047490918,0.06174,"Downtown","09","32","Commercial",1955,0,"N","A",54120,120000,120000,120000,NA,0,0,0,0
"95","31150010200000010090000000","357-59","WARREN ST S & JEFFERSON S","13220",66,91,6016.03373171746,0.138109,"Downtown","09","32","Commercial",1965,0,"N","A",234234,684000,544000,544000,NA,0,0,4.59,0
"96","31150010200000060040000000","600","GENESEE ST E","13204",268.85,188.44,47353.8582396027,1.087095,"Downtown","15","32","Commercial",1980,0,"N","A",734500,2702000,2102000,2102000,NA,0,0,0,0
"97","31150010100000130010000000","200","JEFFERSON ST W","13202",1300,252,101237.173024937,2.324086,"Downtown","09","32","Community Services",1965,0,"N","A",1139000,5966800,0,0,NA,0,0,0,0
"98","31150010200000010070000000","350","MONTGOMERY ST & JEFFERSON","13202",77,199.5,18510.6345134419,0.424946,"Downtown","09","32","Commercial",1970,0,"Y","I",306000,310000,310000,310000,NA,0,0,0,0
"99","31150010200000070060000000","505","STATE ST S & MCCARTHY AVE","13202",155,462.53,67072.5843354597,1.539775,"Downtown","15","32","Community Services",2002,0,"N","A",1432200,16200000,0,0,NA,0,0,0,0
"100","31150010100000050130000000","362-64","SALINA ST S TO JEFFERSON","13202",37.5,41.1,23839.4237291273,0.547278,"Downtown","09","32","Recreation",1930,0,"N","A",954300,8642100,0,0,NA,0,0,48.51,0
"101","31150010200000010100000000","351-53","WARREN ST S","13202",65.76,132,8653.39971576687,0.198655,"Downtown","09","32","Commercial",1927,0,"N","A",286400,495000,495000,495000,NA,0,0,0,0
"102","31150010300000270020000000","217","MONTGOMERY ST & FAYETTE S","13217",61.96,81.68,5060.8420796385,0.116181,"Downtown","15","32","Commercial",1900,0,"N","A",98800,1315000,1315000,1315000,NA,0,0,0,0
"103","31150010300000240020000000","603","FAYETTE ST E & MCBRIDE ST","13202",70,99,6941.3880141725,0.159352,"Downtown","15","32","Commercial",1950,0,"N","I",59700,159000,159000,159000,NA,0,0,0,0
"104","31150010400000260010000000","215-23","SALINA ST S & FAYETTE ST","13202",87.5,132,11549.9129725687,0.26515,"Downtown","09","32","Commercial",1960,0,"N","A",459400,2200000,2200000,2200000,NA,0,0,0,0
"105","31150010400000270030000000","110","FAYETTE ST W & CLINTON ST","48090",213.24,97.77,20931.5731340441,0.480523,"Downtown","09","32","Commercial",1980,0,"N","A",418000,16800000,16800000,16800000,NA,0,0,0,0
"106","31150010300000260050000000","447","FAYETTE ST E & TOWNSEND S","13202",198,122,24155.8302061831,0.554542,"Downtown","15","32","Commercial",1975,0,"N","A",301600,1160000,0,0,NA,0,0,0,0
"107","31150010300000250050000000","509","FAYETTE ST E","13202",58,132,7687.34846991936,0.176477,"Downtown","15","32","Parking",1960,0,"N",NA,105000,110000,0,0,NA,0,0,0,0
"108","31150010300000250060000000","507","FAYETTE ST E","13132",58,132,7687.07829308281,0.176471,"Downtown","15","32","Commercial",1975,0,"N","A",76600,198000,198000,198000,NA,0,0,0,0
"109","31150010300000250070010000","501-05","FAYETTE ST E","13202",132,131.73,17404.9734425711,0.399563,"Downtown","15","32","Commercial",1975,0,"N","A",175000,560000,560000,560000,NA,0,0,0,0
"110","31150010300000280020000000","221","WARREN ST S & FAYETTE ST","11201",121.43,200.88,24419.4039019987,0.560592,"Downtown","09","32","Commercial",1979,0,"N","A",484000,3200000,3200000,3200000,NA,6140.54,1,0,184.22
"111","31150010400000250020000000","214-20","WARREN ST S & FAYETTE ST","13202",133.16,132,17589.9599049451,0.40381,"Downtown","09","32","Commercial",1962,0,"N","A",348000,371000,371000,371000,NA,0,0,158.69,0
"112","31150010400000270020000000","216-26","SALINA ST S & FAYETTE ST","13202",132.76,60,7939.41187446394,0.182264,"Downtown","09","32","Parks",0,0,"N",NA,202000,202000,0,0,NA,0,0,0,0
"113","31150010300000250040000000","511-15","FAYETTE ST E & MCBRIDE ST","13220",148,90,19919.5071693455,0.457289,"Downtown","15","32","Commercial",1980,0,"N","A",280000,306000,306000,306000,NA,0,0,0,0
"114","31150010400000290050000000","348","FAYETTE ST W","13202",65,135,8466.43650274704,0.194363,"Downtown","09","Null","Vacant Land",NA,0,NA,NA,8400,8400,0,0,NA,111.2,3,0,131.29
"115","31150010300000270030000000","300","GENESEE ST E & MONTGOMERY","13217",161.5,103.23,14563.2420460801,0.334326,"Downtown","15","32","Parking",0,0,"N",NA,180300,180300,180300,180300,NA,0,0,0,0
"116","31150010400000290030010000","300","FAYETTE ST W & FRANKLIN S","13202",361.65,152.42,52022.6500260867,1.194276,"Downtown","09","32","Commercial",2012,0,"N","A",1440900,5130000,0,0,NA,0,0,0,0
"117","31150010300000260040000000","143-49","LANDMARK PL","13202",70.5,42,3003.88425734466,0.06896,"Downtown","15","32","Parking",0,0,"N",NA,29400,29400,0,0,NA,0,0,0,0
"118","31150010300000250090000000","205","TOWNSEND ST S","13202",67,99,6645.20461030757,0.152553,"Downtown","15","32","Commercial",1960,0,"N","A",66300,139000,139000,139000,NA,160.27,1,37.83,4.81
"119","31150010400000260020000000","205-13","SALINA ST S TO BANK ST","13202",102,132,13722.5892651629,0.315027,"Downtown","09","32","Commercial",NA,0,"N",NA,538600,1670000,1670000,1670000,NA,0,0,0,0
"120","31150010400000240080000000","131","SALINA ST S & WASHINGTON","14203",156.9,195.66,24603.2441808012,0.564813,"Downtown","09","32","Parking",1980,0,"N",NA,979600,3880000,0,0,NA,0,0,0,0
"121","31150010400000240050010000","134-36","GENESEE ST E","13202",37.53,100,3636.00207327866,0.083471,"Downtown","09","32","Commercial",1900,0,"N","A",91000,507000,507000,507000,NA,11654.95,2,467.05,1923.25
"122","31150010400000230020000000","119-33","CLINTON ST S & WASHINGTON","13202",162,120.24,19468.7055182513,0.44694,"Downtown","09","32","Parking",0,0,"N",NA,486000,509000,509000,509000,NA,0,0,0,0
"123","31150010400000240040000000","132","GENESEE ST E","13088",20,100,2000.00099762996,0.045914,"Downtown","09","32","Commercial",1900,0,"N","A",60000,150000,1e+05,1e+05,NA,0,0,0,0
"124","31150010400000210010000000","360","WASHINGTON ST W & WEST S","13210",305,116.7,52649.666973659,1.20867,"Downtown","08","30","Parking",1991,0,"N","A",706300,5189000,0,0,NA,0,0,0,0
"125","31150010300000170070000000","225","GENESEE ST E","75016",120,101.25,11733.4298846798,0.269362,"Downtown","09","32","Commercial",1996,0,"N","A",240000,410000,410000,410000,NA,0,0,0,0
"126","31150010400000240030000000","128","GENESEE ST E","13202",20,100,1999.98510648354,0.045913,"Downtown","09","32","Commercial",1900,0,"N","A",40000,128000,128000,128000,NA,0,0,105.11,0
"127","31150010300000210110000000","109","TOWNSEND ST S TO BLOCK AL","11206",74.73,165,8713.0995399405,0.200025,"Downtown","15","32","Industrial",1900,0,"Y","I",97600,99000,99000,99000,NA,13623.84,8,0,2249.12
"128","31150010400000210020000000","330","WASHINGTON ST W REAR","13202",65,234,12846.2415791568,0.294909,"Downtown","09","Null","Vacant Land",NA,0,"N",NA,15200,15200,0,0,NA,0,0,0,0
"129","31150010400000240020000000","122-26","GENESEE ST E","13202",44,100.2,4400.01993802253,0.101011,"Downtown","09","32","Commercial",1900,0,"N","A",132000,680000,218300,218300,NA,0,0,0,0
"130","31150010300000240010000000","605-09","FAYETTE ST E TO MCBRIDE S","13202",95.5,99,25305.6500440614,0.580938,"Downtown","15","32","Parking",0,0,"N",NA,120000,120000,120000,120000,NA,0,0,0,0
"131","31150010300000240030000000","600","WASHINGTON ST E & MCBRIDE","13202",65.5,66,4186.98186529091,0.09612,"Downtown","15","32","Parking",0,0,"N",NA,34300,34300,34300,34300,NA,0,0,0,0
"132","31150010300000250030000000","530","WASHINGTON ST E & MCBRIDE","13202",40,174,7411.96516743388,0.170155,"Downtown","15","32","Parking",1930,0,"N",NA,84000,84000,84000,84000,NA,0,0,0,0
"133","31150010400000250010000000","208","WARREN ST S & WASHINGTON","13202",106,132,13992.0093632859,0.321212,"Downtown","09","32","Commercial",1900,0,"N","A",419800,2600000,2350000,2350000,NA,0,0,7908.09,0
"134","31150010300000250020000000","520","WASHINGTON ST E","13202",108.1,132,11954.4252872926,0.274436,"Downtown","15","32","Parking",0,0,"N",NA,62600,62600,62600,62600,NA,0,0,0,0
"135","31150010400000260030000000","201","SALINA ST S & WASHINGTON","13202",48,132,6335.9304580835,0.145453,"Downtown","09","32","Commercial",NA,0,NA,NA,253400,1180000,1180000,1180000,NA,0,0,0,0
"136","31150010300000270010000000","300","WASHINGTON ST E & STATE S","11206",334.28,245.04,68889.9867620117,1.581496,"Downtown","15","32","Commercial",1972,0,"Y","I",1228000,3e+06,3e+06,3e+06,NA,1348797.28,22,1169.2,980056.26
"137","31150010300000250010000000","506-18","WASHINGTON ST E & TOWNSEN","13202",248,65,26068.1303585112,0.598442,"Downtown","15","32","Commercial",1960,0,"N","A",174200,550000,420000,420000,NA,0,0,0,0
"138","31150010300000260020000000","446","WASHINGTON ST E & TOWNSEN","13202",33,53,1752.60744809506,0.040234,"Downtown","15","32","Parking",0,0,"N",NA,37500,40000,40000,40000,"ATRUST",10665.35,7,0,3147.11
"139","31150010300000260030000000","100","LANDMARK PL & TOWNSEND ST","13202",124,69,12887.0363366717,0.295846,"Downtown","15","32","Commercial",1950,0,"N","A",128100,270000,270000,270000,NA,0,0,267.68,0
"140","31150010400000290060000000","350-64","FAYETTE ST W & WEST ST AR","13244",200.5,245.44,55306.2984909252,1.269658,"Downtown","08","30","Schools",1900,0,"N","A",578000,9557000,668990,668990,NA,0,0,0,0
"141","31150010300000260010000000","430","WASHINGTON ST E TO LANDMA","13202",136.06,122,11467.31887856,0.263253,"Downtown","15","32","Commercial",1950,0,"N","A",140000,205000,205000,205000,NA,0,0,0,0
"142","31150010400000290040020000","346","FAYETTE ST W TO WASHINGTO","13202",15.1,235.1,9136.38457259984,0.209743,"Downtown","09","32","Vacant Land",NA,0,NA,NA,68000,68000,0,0,NA,188.45,5,0,181.28
"143","31150010300000260060000000","201","STATE ST S & FAYETTE ST E","75001",263,198,47305.5610167851,1.085986,"Downtown","15","32","Utilities",1950,0,"N","A",1e+06,4600000,4600000,4600000,NA,0,0,0.58,0
"144","31150010300000280010010000","216-28","WASHINGTON ST E & GENESEE","13224",110,226.67,39788.2858100856,0.913413,"Downtown","09","32","Parking",0,0,"N",NA,1071000,1094000,1094000,1094000,NA,0,0,0,0
"145","31150010300000280030010000","208","WASHINGTON ST E & WARREN","75356",154.08,143.65,22068.7847080756,0.50663,"Downtown","09","32","Commercial",1960,0,"N","A",362000,3608000,3608000,3608000,NA,0,0,0,0
"146","31150010400000270010000000","200-14","SALINA ST S & WASHINGTON","13202",132.76,273.24,43616.9653355913,1.001308,"Downtown","09","32","Parking",0,0,"N",NA,1104000,1104000,0,0,NA,0,0,0,0
"147","31150010400000280020000000","250","CLINTON ST S & FAYETTE ST","13202",265.45,168,44585.6948099741,1.023547,"Downtown","09","32","Commercial",1990,0,"N","A",1205700,18250000,0,0,NA,0,0,15,0
"148","31150010400000280010000000","256","FAYETTE ST W & FRANKLIN S","13202",279.7,265.34,74163.3477859097,1.702556,"Downtown","09","32","Parking",1950,0,"N","A",1481000,3251000,2771000,2771000,NA,0,0,131,0
"149","31150010400000290020010000","333","WASHINGTON ST W & FRANKLI","13202",453.17,118.75,45295.7058269259,1.039846,"Downtown","09","32","Commercial",2009,0,"N","A",906000,10806000,0,0,NA,0,0,939.4,0
"150","31150010300000200040000000","447-49","WASHINGTON ST E & TOWNSEN","13202",39,53.33,2094.93574864195,0.048093,"Downtown","15","32","Commercial",1950,0,"N","A",22700,122000,122000,122000,NA,0,0,0,0
"151","31150010300000200070000000","415","WASHINGTON ST E","13027",20.75,66,1212.34334059219,0.027832,"Downtown","15","32","Commercial",1930,0,"N","A",14500,160000,110000,110000,NA,4335.66,2,192.77,130.07
"152","31150010300000210050000000","521-27","WASHINGTON ST E","13202",80.65,87,7007.75739740119,0.160876,"Downtown","15","32","Commercial",1961,0,"N","A",105000,150000,150000,150000,NA,0,0,0,0
"153","31150010300000200050000000","441-43","WASHINGTON ST E","13202",39,53.33,2837.7943973003,0.065147,"Downtown","15","32","Recreation",1957,0,"N","A",22700,170000,0,0,NA,0,0,0,0
"154","31150010300000210090000000","501","WASHINGTON ST E & TOWNSEN","13202",60.75,90,5571.92668381434,0.127914,"Downtown","15","32","Commercial",1950,0,"N","A",54000,4e+05,4e+05,4e+05,NA,0,0,0,0
"155","31150010300000290010000000","200","GENESEE ST E & WARREN ST","13202",175.37,86.6,6331.31248248137,0.145347,"Downtown","09","32","Commercial",1900,0,"N","A",240000,2958000,35496,35496,NA,0,0,0,0
"156","31150010300000210040000000","116","MCBRIDE ST S & BLOCK ALLE","13104",122,63,7163.49844331504,0.164451,"Downtown","15","32","Commercial",0,0,"N",NA,96600,105900,105900,105900,NA,13134.87,7,0,2073.94
"157","31150010300000210030000000","110","MCBRIDE ST S REAR","13206",35,75,2624.95657142633,0.060261,"Downtown","15","32","Commercial",1940,0,"N","A",31700,71700,71700,71700,NA,0,0,0,0
"158","31150010300000200020000000","116","TOWNSEND ST S","44316",35,63,2183.0807082155,0.050117,"Downtown","15","32","Parking",0,0,"N",NA,24300,24300,24300,24300,NA,0,0,0,0
"159","31150010300000200030000000","120","TOWNSEND ST S","44316",33.67,53,2434.21549115413,0.055882,"Downtown","15","32","Parking",0,0,"N",NA,24800,24800,24800,24800,NA,0,0,0,0
"160","31150010300000200080000000","117","STATE ST S","13202",20.86,126,2628.38379692385,0.060339,"Downtown","15","32","Commercial",1960,0,"N","A",27700,190000,190000,190000,NA,0,0,0,0
"161","31150010300000210060000000","511-19","WASHINGTON ST E TO BLOCK","14203",131,132,16315.2718631631,0.374547,"Downtown","15","32","Commercial",0,0,"N","A",130000,348000,0,0,NA,0,0,3.27,0
"162","31150010300000210070000000","509","WASHINGTON ST E","13202",33.5,132,4355.98150337989,0.1,"Downtown","15","32","Parking",0,0,"N",NA,43600,46300,46300,46300,NA,0,0,0,0
"163","31150010300000210080000000","507","WASHINGTON ST E","13202",32.75,132,4322.99055420999,0.099242,"Downtown","15","32","Vacant Land",NA,0,"N",NA,42200,42200,42200,42200,NA,0,0,0,0
"164","31150010300000210100000000","115","TOWNSEND ST S","11206",42,60.75,2600.12021276967,0.059691,"Downtown","15","32","Commercial",1900,0,"N","I",25200,30900,30900,30900,NA,4338.9,8,0,882.21
"165","31150010300000170060000000","237-43","GENESEE ST E & MONTGOMERY","13108",67.3,138.5,4275.1445321681,0.098144,"Downtown","09","32","Commercial",1900,0,"N","A",56600,375000,375000,375000,NA,0,0,0,0
"166","31150010400000240070000000","140","GENESEE ST E & WARREN ST","14203",47.25,119.32,10582.3841634229,0.242938,"Downtown","09","32","Parking",1980,0,"N","A",317500,1850000,0,0,NA,0,0,0,0
"167","31150010400000210030000000","329","WATER ST W","13202",56,110,6159.98601931372,0.141414,"Downtown","09","32","Vacant Land",NA,0,"N",NA,84000,84000,0,0,NA,0,0,0,0
"168","31150010300000210020000000","516","WATER ST E & BLOCK ALY","13104",107.2,122,19421.6993835114,0.445861,"Downtown","15","32","Parking",0,0,"N",NA,192500,198000,198000,198000,NA,22069.86,7,0,3342.22
"169","31150010300000210010000000","512","WATER ST E TO BLOCK ALY","11206",42.35,122,5185.14793750084,0.119035,"Downtown","15","32","Parking",0,0,"N",NA,51200,51200,51200,51200,NA,6741.16,8,0,1243.29
"170","31150010300000210120000000","105","TOWNSEND ST S & WATER ST","11206",57.36,165,13052.5689597599,0.299646,"Downtown","15","32","Industrial",1900,0,"Y","I",111000,118900,118900,118900,NA,20719.77,8,0,3717.78
"171","31150010400000210040010000","340","WASHINGTON ST W & ONONDAG","13202",263.32,253.64,59351.6453465975,1.362526,"Downtown","09","32","Parking",1991,0,"N",NA,353400,5025700,0,0,NA,0,0,0,0
"172","31150010300000200010000000","110-12","TOWNSEND ST S & WATER ST","44316",122,158,19288.0625345342,0.442793,"Downtown","15","32","Commercial",1931,0,"N","A",212000,440000,440000,440000,NA,0,0,0,0
"173","31150010300000200060000000","401-13","WASHINGTON ST E & STATE S","60076",238.25,243.14,68215.303848769,1.566008,"Downtown","15","32","Parking",0,0,"N",NA,689000,712000,712000,712000,NA,0,0,0,0
"174","31150010300000190010000000","301","WASHINGTON ST E & MARKET","12220",327.27,265.1,87121.2924118169,2.00003,"Downtown","15","32","Community Services",1955,0,"N","A",1053000,8635000,0,0,NA,16006.9,10,488.95,9317.3
"175","31150010300000180010000000","233","WASHINGTON ST E & MONTGOM","13202",80,265.2,21224.6699626461,0.487251,"Downtown","15","32","Community Services",1900,0,"N","A",318000,4117000,0,0,NA,0,0,0,0
"176","31150010300000170040000000","258","WATER ST E & MONTGOMERY S","13212",24.1,75,1873.84522124417,0.043018,"Downtown","09","32","Commercial",1960,0,"N","A",27000,110000,110000,110000,NA,0,0,0,0
"177","31150010300000170020000000","250","WATER ST E","13088",20.44,75,1463.40222531391,0.033595,"Downtown","09","32","Commercial",1900,0,"N","A",22500,155000,155000,155000,NA,0,0,37.77,0
"178","31150010300000170010000000","246-48","WATER ST E","13088",27.82,75,2082.64802544227,0.047811,"Downtown","09","32","Commercial",1900,0,"N","A",30400,250000,250000,250000,NA,0,0,35.94,0
"179","31150010300000170080000000","201-19","GENESEE ST E & WARREN ST","13202",194.7,67.68,25788.6829853821,0.592027,"Downtown","09","32","Commercial",1930,0,"N","A",762600,4454000,4454000,4454000,NA,0,0,4186.87,0
"180","31150010400000240100000000","100","WATER ST E & WARREN ST S","13202",48,28,671.983363892716,0.015427,"Downtown","09","32","Parks",0,0,"N","A",53800,1e+05,0,0,NA,0,0,0,0
"181","31150010400000240090000000","101","SALINA ST S & WATER ST E","14203",105.5,140.58,10735.3330604334,0.246449,"Downtown","09","32","Commercial",1896,0,"N","A",588000,4103000,0,0,NA,0,0,30,0
"182","31150010400000230010000000","100-36","SALINA ST S & WASHINGTON","13202",266.44,153,53333.6897992132,1.224373,"Downtown","09","32","Commercial",1990,0,"N","A",1333000,6150000,6150000,6150000,NA,0,0,0,0
"183","31150010400000220010020000","100-34","CLINTON ST S & WASHINGTON","10278",266,477,119648.727197122,2.746757,"Downtown","09","32","Commercial",1976,0,"N","A",1139200,21933900,0,0,NA,1543354.27,13,638.77,3517980.97
"184","31150010400000210050010000","120","FRANKLIN ST S& WASHINGTON","13211",267.71,151.68,46927.7922177905,1.077314,"Downtown","09","32","Parking",0,0,"N",NA,806300,888000,888000,888000,NA,0,0,0,0
"185","31150010400000200040000000","362","WATER ST W","13202",44.47,196.02,8633.9116119921,0.198207,"Downtown","09","32","Vacant Land",NA,0,"N",NA,8600,8600,0,0,NA,0,0,0,0
"186","31150010400000200030000000","360","WATER ST W","13202",92,59,5117.27994470133,0.117477,"Downtown","09","32","Vacant Land",NA,0,"N",NA,5400,5400,0,0,NA,0,0,0,0
"187","31150010200000140090000000","437-41","WARREN ST S","13202",40,100,3999.99773492306,0.091827,"Downtown","09","32","Commercial",1960,0,"N","I",49900,50000,50000,50000,NA,0,0,0,0
"188","31150010200000140030000000","237-39","ONONDAGA ST E","13202",39,64,3458.86451064624,0.079405,"Downtown","09","32","Parking",0,0,"N",NA,97800,98600,0,0,NA,0,0,0,0
"189","31150010200000130020000000","236-68","ONONDAGA ST E TO MADISON","13202",218.01,120,30473.9500747149,0.699586,"Downtown","09","32","Community Services",1975,0,"N","A",523200,1996900,0,0,NA,0,0,0,0
"190","31150010200000130030000000","272","ONONDAGA ST E TO MONTGOME","13202",60.33,136.87,7916.71347875287,0.181743,"Downtown","09","32","Parking",0,0,"N",NA,114200,117900,11790,11790,NA,0,0,0,0
"191","31150010200000140100000000","431-35","WARREN ST S","13202",40,100,3999.99258079082,0.091827,"Downtown","09","32","Commercial",1960,0,"Y","I",59900,60000,60000,60000,NA,0,0,0,0
"192","31150010200000070040000000","521-699","STATE ST S","13202",333.14,535.24,159769.529639762,3.667804,"Downtown","15","32","Community Services",1964,0,"N","A",3349000,4.2e+07,0,0,NA,0,0,4892.32,0
"193","31150010100000120030020000","530","CLINTON ST S TO JEFFERSON","13202",111.55,119.72,54440.4505964761,1.249781,"Downtown","09","32","Commercial",0,0,"N",NA,610000,984000,0,0,NA,0,0,0,0
"194","31150010100000120030010000","225","JEFFERSON ST W","13202",62.26,178.81,23405.1392175871,0.537308,"Downtown","09","32","Commercial",1960,0,"N","A",387000,554000,460000,460000,NA,0,0,2.89,0
"195","31150010200000130040000000","290","ONONDAGA ST E & MONTGOMER","13202",132.6,101.67,8865.60988179905,0.203526,"Downtown","09","32","Vacant Land",NA,0,"N",NA,250000,250000,0,0,NA,290868.63,27,0,568751.18
"196","31150010200000140020000000","245-51","ONONDAGA ST E","13202",80,112,9399.70071208035,0.215787,"Downtown","09","32","Parking",0,0,"N",NA,186900,190300,19030,19030,NA,0,0,0,0
"197","31150010200000140110000000","421-25","WARREN ST S","13202",66,132,8712.01063115312,0.2,"Downtown","09","32","Commercial",1985,0,"N","A",361400,845000,109850,109850,NA,0,0,0,0
"198","31150010200000140120000000","413-17","WARREN ST S","13090",37,132,4884.01725736473,0.112122,"Downtown","09","32","Commercial",1930,0,"N","A",125000,222000,222000,222000,NA,0,0,0,0
"199","31150010200000140130000000","409","WARREN ST S","13202",27,107,2824.97420533291,0.064852,"Downtown","09","32","Commercial",1930,0,"N","A",186500,450000,450000,450000,NA,0,0,0,0
"200","31150010200000060050000000","507-17","TOWNSEND ST S","13204",274.42,589.33,152966.713033762,3.511633,"Downtown","15","32","Apartment",1985,295,"N","A",2061400,6490000,6490000,6490000,NA,0,0,0,0
"201","31150010100000100010000000","400-28","SALINA ST S & JEFFERSON S","13202",354.5,273.24,90241.285957557,2.071655,"Downtown","09","32","Parking",1900,0,"N",NA,2186600,2290000,0,0,NA,0,0,0,0
"202","31150010100000120020010000","540","CLINTON ST S","13326",103.86,671.55,85626.4737363136,1.965713,"Downtown","09","32","Utilities",1970,0,"N","A",870000,1070000,0,0,NA,0,0,4.24,0
"203","31150010200000100010000000","401","MONTGOMERY ST TO STATE ST","13202",214.5,286.62,62602.2466136028,1.43715,"Downtown","15","32","Community Services",1900,0,"N","A",932400,6520000,0,0,NA,0,0,20,0
"204","31150010200000140010000000","259-77","ONONDAGA ST E & JEFFERSON","13202",146,118,34272.3688436043,0.786785,"Downtown","09","32","Religious",1960,0,"N","A",608500,1226200,0,0,NA,0,0,0,0
"205","31150010200000140140000000","401-07","WARREN ST S & JEFFERSON S","11213",43,132,6393.89420041199,0.146784,"Downtown","09","32","Commercial",1930,0,"N","A",240600,4e+05,350000,350000,"ATRUST",65783.38,11,0,20378.36
"206","31150010100000080070000000","401","SALINA ST S & JEFFERSON S","13202",184,297,51292.8101220177,1.177521,"Downtown","09","32","Commercial",1900,0,"N","A",2018600,8688800,7608800,7608800,NA,0,0,30,0
"207","31150010200000140150000000","360","MONTGOMERY ST & JEFFERSON","13202",0,0,7052.30919413435,0.161899,"Downtown","09","32","Parks",0,0,"N","A",100,390000,0,0,NA,0,0,0,0
"208","31150010100000120020040000","325","JEFFERSON ST W","13204",11,694,121114.549656214,2.780407,"Downtown","09","32","Utilities",0,0,NA,"A",1823000,11823000,0,0,NA,0,0,0,0
"209","31150010100000120010000000","339","JEFFERSON ST W REAR","13202",75,1385,81039.5381579862,1.860412,"Downtown","08","Null","Vacant Land",NA,0,"N",NA,103900,103900,0,0,NA,0,0,0,0
"210","31150010200000070050000000","511","STATE ST S TO TOWNSEND ST","13202",208,534.82,101874.022306965,2.338706,"Downtown","15","32","Community Services",1956,0,"N","A",2221500,10007500,0,0,NA,0,0,35,0
"211","31150010100000060010010000","359","SALINA ST S & JEFFERSON S","13224",24,91.67,2246.89966149275,0.051582,"Downtown","09","32","Commercial",1980,0,"N","A",87400,190000,85000,85000,NA,0,0,0,0
"212","31150010100000050140030001","108","JEFFERSON ST W #601","13202",10.72,90,1942.22495628087,0.044587,"Downtown","09","32","Single Family",1928,0,"N",NA,11900,110000,64900,64900,NA,0,0,0,0
"213","31150010200000090020000000","304-10","ONONDAGA ST E & JEFFERSON","13214",69.63,110,4282.97161083177,0.098323,"Downtown","15","32","Commercial",1900,0,"N","A",151800,230000,230000,230000,NA,0,0,0,0
"214","31150010100000050150000000","415-17","CLINTON ST S","13148",35,148,8367.82163710208,0.192099,"Downtown","09","32","Commercial",1920,0,"N","A",130000,190000,190000,190000,NA,15158.71,3,0,1528.19
"215","31150010100000050110000000","348-52","SALINA ST S","13057",39.62,113,4465.78011133332,0.10252,"Downtown","09","32","Commercial",1950,0,"N","A",156700,2e+05,2e+05,2e+05,NA,0,0,0,0
"216","31150010200000020080000000","335","MONTGOMERY ST & JEFFERSON","13202",198,112.25,27406.6690511868,0.629171,"Downtown","15","32","Community Services",1970,0,"N","A",170000,2210000,0,0,NA,0,0,15,0
"217","31150010100000150060010000","308-10","JEFFERSON ST W","20759",116,90,10882.9826438122,0.249839,"Downtown","09","32","Commercial",1950,0,"N","A",97000,334500,334500,334500,NA,0,0,0,0
"218","31150010100000140040000000","416-30","CLINTON ST S & JEFFERSON","13202",112.29,74,10576.755151558,0.242809,"Downtown","09","32","Commercial",1900,0,"N","A",119700,5800000,1800000,1800000,NA,0,0,149.83,0
"219","31150010100000050120000000","358","SALINA ST S","13215",20.5,125,2540.89323442022,0.058331,"Downtown","09","32","Commercial",1950,0,"N","A",62000,75000,75000,75000,NA,0,0,0,0
"220","31150010200000010110000000","349","WARREN ST S","13202",23.5,132,3069.67131075611,0.07047,"Downtown","09","32","Commercial",1890,0,"N","A",102000,160000,160000,160000,NA,207.2,1,0,6.22
"221","31150010200000060030010000","550","GENESEE ST E","13204",247.11,255.03,49289.9345587128,1.131541,"Downtown","15","32","Commercial",1983,0,"N","A",436000,613000,613000,613000,NA,0,0,0,0
"222","31150010100000060050000000","329","SALINA ST S TO BANK ALLEY","11207",25,132,3247.19767462119,0.074545,"Downtown","09","32","Commercial",1930,0,"N",NA,132000,220000,220000,220000,NA,0,0,0,0
"223","31150010200000010050000000","330","MONTGOMERY ST","13202",107.25,65,5346.09503215784,0.122729,"Downtown","09","32","Community Services",1908,0,"N",NA,139100,1106000,0,0,NA,0,0,0,0
"224","31150010200000010060000000","340","MONTGOMERY ST","13202",79.75,199,26422.8182721371,0.606584,"Downtown","09","32","Recreation",1965,0,"N","A",528500,1191200,0,0,NA,0,0,0,0
"225","31150010100000140020000000","400","CLINTON ST S & WALTON ST","13203",70,100,7001.92623683297,0.160742,"Downtown","09","32","Commercial",1900,0,"N","A",140000,280000,280000,280000,NA,26822.33,5,703.4,2565.61
"226","31150010100000140030000000","410-14","CLINTON ST S TO WALTON ST","13202",58.7,32.5,12213.9956930872,0.280395,"Downtown","09","32","Commercial",1900,0,"N","A",214600,740000,740000,740000,NA,0,0,0,0
"227","31150010100000140010010002","294","JEFFERSON ST W TO WALTON","75016",287.56,98.48,33275.5031158856,0.7639,"Downtown","09","32","Commercial",1994,0,"N","A",269600,2070000,2070000,2070000,NA,0,0,1065.28,0
"228","31150010100000140050010000","298","JEFFERSON ST W & FRANKLIN","13202",31.71,99.58,3130.76375329723,0.071872,"Downtown","09","32","Vacant Land",NA,0,"N",NA,61300,61300,0,0,NA,0,0,0,0
"229","31150010100000150050000000","402","FRANKLIN ST S & JEFFERSON","13202",108.95,82.6,13340.522191363,0.306256,"Downtown","09","32","Commercial",1950,0,"N","A",200100,690000,670000,670000,NA,0,0,1983.01,0
"230","31150010100000150040000000","215","WALTON ST","13224",48,74,3647.66715403893,0.083739,"Downtown","09","32","Commercial",1950,0,"N","A",62200,548000,548000,548000,NA,1215.21,2,0,174.76
"231","31150010100000150030000000","219","WALTON ST","19112",56,82,4569.83283970853,0.104909,"Downtown","09","32","Commercial",1950,0,"N","A",89500,1045000,1045000,1045000,NA,0,0,0,0
"232","31150010100000150020010000","221","WALTON ST","13219",37,142,5957.34264045784,0.136762,"Downtown","09","32","Parking",0,0,"N",NA,53000,53000,53000,53000,NA,0,0,0,0
"233","31150010100000150070010000","320","JEFFERSON ST W & ONONDAGA","12220",94.4,237.6,10427.612273559,0.239385,"Downtown","09","32","Parking",0,0,"N",NA,90000,90000,0,0,NA,3308.36,7,0,1719.44
"234","31150010100000150010000000","221","WALTON ST REAR","13202",58,282,14864.9143601633,0.341251,"Downtown","09","Null","Vacant Land",NA,0,"N",NA,16400,16400,0,0,NA,0,0,0,0
"235","31150010100000060060000000","327","SALINA ST S TO BANK ALLEY","11207",25,132,3299.99770699461,0.075758,"Downtown","09","32","Commercial",1930,0,"N","A",132000,292000,292000,292000,NA,0,0,0,0
"236","31150010100000050160000000","401","CLINTON ST S","13218",125.17,136.5,13865.0433642615,0.318298,"Downtown","09","32","Parking",1958,0,"N","A",340000,8e+05,8e+05,8e+05,NA,0,0,0,0
"237","31150010200000080040000000","444","GENESEE ST E & TOWNSEND S","13088",53.5,142.51,7632.82711468558,0.175226,"Downtown","15","32","Commercial",1900,0,"Y",NA,129000,148000,148000,148000,NA,0,0,0,0
"238","31150010200000080030000000","430","GENESEE ST E TO MCCARTHY","13159",66,146,9439.11655796483,0.216692,"Downtown","15","32","Commercial",1900,0,"N","A",170000,840000,5e+05,5e+05,NA,0,0,0,0
"239","31150010200000080020000000","420","GENESEE ST E TO MC CARTHY","13202",176,146.86,25294.8621439152,0.58069,"Downtown","15","32","Commercial",1960,0,"N","A",411400,529400,0,0,NA,0,0,0,0
"240","31150010200000080010000000","401-15","STATE ST S","13202",139.8,109.83,16598.0906018215,0.38104,"Downtown","15","32","Community Services",1970,0,"N","A",336800,1795500,0,0,NA,0,0,45,0
"241","31150010200000020100000000","321-25","MONTGOMERY ST","13202",99.25,132,13068.01824912,0.3,"Downtown","15","32","Community Services",1970,0,"N","A",261400,2560000,20000,20000,NA,0,0,0,0
"242","31150010400000200010000000","376","WATER ST W TO ERIE BLVD W","13202",305.16,75.22,22849.7046522708,0.524557,"Downtown","08","30","Commercial",NA,0,"N",NA,114000,491400,491400,491400,NA,0,0,0,0
"243","31150010400000240010000000","118","GENESEE ST E","13202",26.83,80.15,2158.46692524913,0.049552,"Downtown","09","32","Commercial",1900,0,"N","A",62400,406000,2e+05,2e+05,NA,0,0,0,0
"244","31150010300000130010000000","500","ERIE BLVD E & TOWNSEND ST","13202",147.37,78.74,15691.827968702,0.360235,"Downtown","15","32","Industrial",1920,0,"N","A",90100,474800,474800,474800,NA,0,0,379.68,0
"245","31150010300000140010000000","421","WATER ST E & TOWNSEND ST","33980",198,78.44,15419.1577767252,0.353975,"Downtown","15","32","Commercial",1989,0,"N","A",127200,316900,316900,316900,NA,0,0,0,0
"246","31150010300000140020000000","99","STATE ST S & WATER ST E &","07095",76.67,198,15169.7764153241,0.34825,"Downtown","15","32","Commercial",1990,0,"N","A",376200,580000,580000,580000,NA,0,0,0,0
"247","31150010300000150010000000","327-35","WATER ST E & STATE ST S &","13202",96.34,71.66,7255.67103501941,0.166567,"Downtown","15","32","Commercial",1960,0,"N","A",68200,645000,0,0,NA,0,0,0,0
"248","31150010300000150020000000","325","WATER ST E TO ERIE BLVD E","13202",24.29,76.21,1858.72491510306,0.04267,"Downtown","15","32","Commercial",1940,0,"N","A",18200,315000,242000,242000,NA,0,0,0,0
"249","31150010300000150030000000","330","ERIE BLVD E TO WATER ST E","13202",24.19,78.92,1860.95538113956,0.042722,"Downtown","15","32","Commercial",1940,0,"N","A",18700,305000,291930,291930,NA,0,0,0,0
"250","31150010300000150040000000","319-21","WATER ST E TO ERIE BLVD E","13202",40.95,78.08,3167.41521811005,0.072714,"Downtown","15","32","Commercial",1980,0,"N","A",31200,180000,180000,180000,NA,0,0,0,0
"251","31150010400000160020000000","126-56","JAMES ST & WARREN ST N &","28255",171.42,60.18,10364.0451936157,0.237926,"Downtown","09","32","Parking",0,0,"N",NA,3e+05,3e+05,3e+05,3e+05,NA,0,0,0,0
"252","31150010400000150010000000","99","SALINA ST N & ERIE BLVD W","13202",75,260,14409.7476777888,0.330802,"Downtown","09","32","Parks",0,0,NA,NA,476800,676000,0,0,NA,0,0,0,0
"253","31150010400000160010000000","100","SALINA ST N & JAMES ST &","13202",60,127,7825.70333977381,0.179653,"Downtown","09","32","Commercial",1900,0,"N","A",309900,1950000,1584000,1584000,NA,0,0,0,0
"254","31150010300000020010000000","301-31","ERIE BLVD E & OSWEGO BLVD","13202",140.7,95.19,13468.6097128677,0.309197,"Downtown","09","32","Parking",0,0,"N",NA,147000,147000,0,0,NA,2351.1,23,0,2665.37
"255","31150010100000050080000000","328-34","SALINA ST S TO CLINTON ST","13202",80.04,136.5,12820.0403337009,0.294308,"Downtown","09","32","Commercial",NA,0,"N",NA,275000,346750,346750,346750,NA,0,0,0,0
"256","31150010100000060080000000","323","SALINA ST S TO BANK ALLEY","13202",25.12,132,3315.84621249767,0.076121,"Downtown","09","32","Commercial",1920,0,"N","A",66000,186000,86000,86000,NA,0,0,0,0
"257","31150010100000050170000000","321-25","CLINTON ST S","13202",43.25,136.5,5907.98700361164,0.135629,"Downtown","09","32","Commercial",1953,0,"N","A",140400,465000,295000,295000,NA,0,0,0,0
"258","31150010100000050070000000","326","SALINA ST S","13202",21.42,136.62,2922.651835269,0.067095,"Downtown","09","32","Commercial",1930,0,"N","I",80000,194700,194700,194700,NA,0,0,0,0
"259","31150010100000060090000000","321","SALINA ST S TO BANK ALLEY","13090",21.64,132,2856.47686776505,0.065576,"Downtown","09","32","Commercial",1920,0,"N","A",83000,2e+05,170000,170000,NA,0,0,817.86,0
"260","31150010200000020120000000","317","MONTGOMERY ST REAR","13202",28,93.92,2274.59734389924,0.052218,"Downtown","15","32","Commercial",1970,0,"N",NA,53300,170000,170000,170000,NA,0,0,0,0
"261","31150010200000020110000000","319","MONTGOMERY ST","13057",32.75,66,2145.75441205512,0.04926,"Downtown","15","32","Commercial",1970,0,"N","A",85800,450000,350000,350000,NA,0,0,300,0
"262","31150010200000010040000000","318-22","MONTGOMERY ST","13202",66,165.04,13529.2127148831,0.310588,"Downtown","09","32","Apartment",1975,25,"N","A",270700,2750000,367000,367000,NA,0,0,1065.65,0
"263","31150010200000010120000000","325-45","WARREN ST S","10024",208.5,165,31714.1908380335,0.728058,"Downtown","09","32","Parking",1950,0,"N","A",778000,2065000,910000,910000,NA,0,0,0,0
"264","31150010200000020060000000","337","ONONDAGA ST E","13214",90,180,19500.4818924001,0.447669,"Downtown","15","32","Parking",0,0,"N",NA,173900,186500,186500,186500,NA,0,0,0,0
"265","31150010200000020050000000","345-67","ONONDAGA ST E","13214",198.83,214.5,24145.8231626886,0.554312,"Downtown","15","32","Parking",0,0,"N",NA,357900,388300,388300,388300,NA,0,0,0,0
"266","31150010100000040130000000","136","WALTON ST","13088",29.67,60,1780.20634107478,0.040868,"Downtown","09","32","Commercial",1940,0,"N","A",26100,243000,243000,243000,NA,0,0,0,0
"267","31150010100000040140000000","317-21","FRANKLIN ST S & WALTON ST","13202",60,60,3600.01118868763,0.082645,"Downtown","09","32","Commercial",1940,0,"N","A",54000,344000,302400,302400,NA,0,0,7.89,0
"268","31150010100000060100000000","317-19","SALINA ST S TO BANK ALLEY","12210",44.5,132,5874.00690787654,0.134849,"Downtown","09","32","Commercial",1920,0,"N","A",146800,1174000,240000,240000,NA,0,0,0,0
"269","31150010200000020130000000","315","MONTGOMERY ST","13202",38,66,2507.99575500769,0.057576,"Downtown","15","32","Commercial",1895,0,"N","A",80000,386000,194000,194000,NA,0,0,0,0
"270","31150010100000050060000000","320-24","SALINA ST S","13202",47.5,136.62,6512.55964770706,0.149508,"Downtown","09","32","Commercial",1940,0,"N","A",77000,78000,78000,78000,NA,0,0,3.98,0
"271","31150010100000040100000000","130","WALTON ST","13078",22.1,70.36,1554.95245372612,0.035697,"Downtown","09","32","Commercial",1950,0,"N","A",23100,212000,212000,212000,NA,0,0,0,0
"272","31150010100000040080000000","318-22","CLINTON ST S & WALTON ST","13202",62,105.01,6920.53054194421,0.158874,"Downtown","09","32","Commercial",1920,0,"N","A",130200,910000,813400,813400,NA,0,0,3110.44,0
"273","31150010100000050180010000","315-19","CLINTON ST S","13202",60,136.5,8196.0573658998,0.188156,"Downtown","09","32","Commercial",1920,0,"N","A",163200,1255000,435000,435000,NA,0,0,0,0
"274","31150010100000060110000000","313","SALINA ST S TO BANK ALLEY","13202",26,132,3431.98611005041,0.078788,"Downtown","09","32","Commercial",1920,0,"N","A",68600,90000,90000,90000,NA,0,0,49.11,0
"275","31150010200000010130000000","315-21","WARREN ST S","13202",65,132,8546.49011541266,0.1962,"Downtown","09","32","Vacant Land",NA,0,"N",NA,171600,171600,0,0,NA,0,0,0,0
"276","31150010200000020140000000","305","MONTGOMERY ST","13215",32,66,2112.0121677437,0.048485,"Downtown","15","32","Commercial",1900,0,"N","A",122000,180000,180000,180000,NA,0,0,0,0
"277","31150010100000040070000000","316","CLINTON ST S","13104",40,75.02,3043.31247796636,0.069865,"Downtown","09","32","Commercial",1920,0,"N","A",60000,414000,157000,157000,NA,0,0,282.98,0
"278","31150010100000030100000000","200","WALTON ST & FRANKLIN ST S","13202",98.33,100,9832.97172766632,0.225734,"Downtown","09","32","Commercial",1940,0,"N","A",147100,2055000,602000,602000,NA,0,0,0,0
"279","31150010100000040110000000","134","WALTON ST","13202",22,102.5,2255.8752718218,0.051788,"Downtown","09","32","Commercial",1940,0,"N","A",33700,283400,283400,283400,NA,0,0,0,0
"280","31150010100000040120000000","134 1/2","WALTON ST","13202",11,81.72,1024.55532146334,0.023521,"Downtown","09","32","Vacant Land",NA,0,"N",NA,17800,17800,17800,17800,NA,0,0,0,0
"281","31150010100000050180020000","313 1/2","CLINTON ST S","13202",9,136.5,2078.62775375807,0.047719,"Downtown","09","32","Vacant Land",NA,0,"N",NA,2500,2500,2500,2500,NA,0,0,0,0
"282","31150010200000040030000000","539-41","GENESEE ST E","13202",61.87,140.95,7791.07973608144,0.178859,"Downtown","15","32","Parking",0,0,"N",NA,88400,95800,95800,95800,NA,0,0,0,0
"283","31150010100000040090000000","120-24","WALTON ST","13202",64.3,105,6491.27135906384,0.149019,"Downtown","09","32","Commercial",1930,0,"N",NA,100800,1312000,1312000,1312000,NA,0,0,0,0
"284","31150010200000040040000000","307","TOWNSEND ST S & GENESEE S","13202",72,169.78,16542.4104188243,0.379761,"Downtown","15","32","Commercial",1980,0,"N","A",176000,612000,612000,612000,NA,0,0,300,0
"285","31150010100000030120000000","216","WALTON ST","13104",44,109.42,4812.84720730857,0.110488,"Downtown","09","32","Commercial",1950,0,"N","A",72200,560000,507000,507000,NA,844.49,2,477.02,114.75
"286","31150010100000040150000000","309-15","FRANKLIN ST S","13202",66.5,89.67,5149.19723505634,0.118209,"Downtown","09","32","Commercial",1930,0,"N","A",88100,521200,521200,521200,NA,0,0,15,0
"287","31150010100000030090000000","308-10","FRANKLIN ST S","13202",29.18,32.33,951.427561490426,0.021842,"Downtown","09","32","Commercial",1900,0,"N","A",14100,217000,217000,217000,NA,0,0,0,0
"288","31150010100000070040010000","312-44","WARREN ST S TO BANK ALLEY","13214",239.11,132,30517.1894767587,0.700578,"Downtown","09","32","Commercial",1978,0,"Y","A",914200,1150000,1150000,1150000,NA,0,0,829.5,0
"289","31150010100000050190000000","307-13","CLINTON ST S","13214",52,98,4549.57164096917,0.104444,"Downtown","09","32","Commercial",1920,0,"N",NA,94900,305000,305000,305000,NA,290.1,1,0,8.7
"290","31150010200000010140010000","309","WARREN ST S","13202",42,68,2933.89436554199,0.067353,"Downtown","09","32","Vacant Land",NA,0,"N",NA,60000,60000,0,0,NA,0,0,0,0
"291","31150010100000070030000000","306-08","WARREN ST S","13088",24.5,74,1795.62021138546,0.041222,"Downtown","09","32","Commercial",1975,0,"N","A",71000,1e+05,1e+05,1e+05,NA,0,0,0,0
"292","31150010200000050010000000","601","GENESEE ST E & MCBRIDE ST","13202",246.83,309.72,77707.4428958206,1.783917,"Downtown","15","32","Schools",1983,0,"Y","A",346000,1795000,1795000,1795000,NA,0,0,74.68,0
"293","31150010200000040010000000","571-81","GENESEE ST E & MC BRIDE S","13210",142.91,302.92,33311.9876557375,0.764738,"Downtown","15","32","Schools",1960,0,"N","A",625800,2439500,0,0,NA,0,0,0,0
"294","31150010200000040020000000","555","GENESEE ST E TO FAYETTE S","13202",56.36,232.11,18870.6241500572,0.43321,"Downtown","15","32","Commercial",1983,0,"N","A",381200,8e+05,8e+05,8e+05,NA,0,0,0,0
"295","31150010200000040050000000","301","TOWNSEND ST S & FAYETTE S","13202",66,198,13068.0359953711,0.300001,"Downtown","15","32","Religious",1926,0,"N","A",261400,904300,0,0,NA,0,0,0,0
"296","31150010200000030010000000","301","STATE ST S & FAYETTE ST E","13202",136,400,52128.0903854291,1.196696,"Downtown","15","32","Parks",0,0,"N","A",426000,433900,0,0,NA,0,0,0,0
"297","31150010200000020040000000","300","STATE ST S & FAYETTE ST E","13214",201.96,165,33399.963367864,0.766758,"Downtown","15","32","Commercial",1983,0,"N","A",664000,15060400,15060400,15060400,NA,0,0,214.1,0
"298","31150010200000020030000000","318","FAYETTE ST E","13078",33,132,4355.99852967586,0.1,"Downtown","15","32","Commercial",1900,0,"N","A",122000,2e+05,2e+05,2e+05,NA,0,0,193.47,0
"299","31150010200000020020000000","314","FAYETTE ST E","13202",33,132,4355.99852966049,0.1,"Downtown","15","32","Commercial",1900,0,"N","A",122000,228000,228000,228000,NA,0,0,0,0
"300","31150010200000020010000000","300-12","FAYETTE ST E & MONTGOMERY","13202",198,95,27832.827906834,0.638954,"Downtown","15","32","Parking",1985,0,"N","A",559800,6225000,0,0,NA,0,0,0,0
"301","31150010200000010030000000","300-10","MONTGOMERY ST & FAYETTE S","13202",198,132,26178.6558997838,0.600979,"Downtown","09","32","Religious",1900,0,"N","A",502300,1490500,0,0,NA,0,0,0,0
"302","31150010200000010020000000","214-18","FAYETTE ST E","13202",76,165,11961.1131579819,0.274589,"Downtown","09","32","Parking",0,0,"N",NA,3e+05,310000,310000,310000,NA,0,0,0,0
"303","31150010200000010010010000","210","FAYETTE ST E","13202",41,54.54,3145.29232836323,0.072206,"Downtown","09","32","Commercial",1940,0,"N","A",95000,180000,180000,180000,NA,0,0,0,0
"304","31150010200000010160000000","208","FAYETTE ST E","13202",10.08,100,2162.67689681177,0.049648,"Downtown","09","32","Vacant Land",NA,0,"N",NA,52200,52200,52200,52200,NA,0,0,0,0
"305","31150010200000010150010000","305","WARREN ST S & FAYETTE ST","13202",57.43,68.92,3958.04995822986,0.090864,"Downtown","09","32","Vacant Land",NA,0,"N",NA,79900,79900,0,0,NA,0,0,0,0
"306","31150010100000070020000000","300-04","WARREN ST S & FAYETTE ST","13202",41.5,73.29,3041.55248659746,0.069824,"Downtown","09","32","Commercial",1950,0,"N","A",200800,325500,325500,325500,NA,519.64,1,0,15.59
"307","31150010100000070010000000","110-16","FAYETTE ST E & BANK ALLEY","13214",58.71,99,4975.89352113566,0.114231,"Downtown","09","32","Parking",0,0,"N",NA,172300,172300,172300,172300,NA,0,0,0,0
"308","31150010100000060120000000","301","SALINA ST S & FAYETTE ST","17105",107,132,14124.0041899874,0.324243,"Downtown","09","32","Commercial",1920,0,"N","A",494000,650000,650000,650000,NA,0,0,0,0
"309","31150010100000050040010000","302-10","SALINA ST S & FAYETTE ST","13202",132,193.43,23453.5684636844,0.53842,"Downtown","09","32","Commercial",1930,0,"N",NA,585000,750000,750000,750000,NA,0,0,168.08,0
"310","31150010100000050010010000","121-29","FAYETTE ST W & CLINTON ST","13202",80.08,66,5277.35866687726,0.121151,"Downtown","09","32","Commercial",1920,0,"N","A",232000,817000,513250,513250,NA,0,0,0,0
"311","31150010100000040060000000","201-13","FAYETTE ST W & CLINTON ST","13202",137,103,18193.6531519523,0.417669,"Downtown","09","32","Parking",0,0,"N",NA,548700,548700,548700,548700,NA,0,0,0,0
"312","31150010100000040050000000","215","FAYETTE ST W TO WALTON ST","14221",24.54,205,5001.20823372785,0.114812,"Downtown","09","32","Commercial",1920,0,"Y","I",73800,275000,275000,275000,NA,0,0,0,0
"313","31150010100000040040000000","219-25","FAYETTE ST W TO WALTON ST","13032",47.33,205,9783.68906886501,0.224603,"Downtown","09","32","Commercial",1920,0,"N","A",144500,760000,760000,760000,NA,0,0,618.5,0
"314","31150010100000040030000000","229-37","FAYETTE ST W","13202",64.04,5,6864.40226933865,0.157585,"Downtown","09","32","Commercial",1930,0,"N","A",102400,768000,768000,768000,NA,0,0,0,0
"315","31150010100000040020000000","239-45","FAYETTE ST W TO WALTON ST","13202",66.28,205.8,11887.6664699353,0.272903,"Downtown","09","32","Commercial",1930,0,"N","A",230000,1231100,1231100,1231100,NA,0,0,877.8,0
"316","31150010100000040010000000","247-59","FAYETTE ST W & FRANKLIN S","13202",122.15,80,11228.3056082923,0.257766,"Downtown","09","32","Commercial",1930,0,"N","A",155500,2e+06,2e+06,2e+06,NA,0,0,15,0
"317","31150010100000030080000000","301-07","FAYETTE ST W & FRANKLIN S","13219",57.33,76.02,5095.70545325142,0.116981,"Downtown","09","32","Commercial",1960,0,"N","A",76200,750000,750000,750000,NA,0,0,22.5,0
"318","31150010100000030070000000","311","FAYETTE ST W","13104",20.25,105,2129.95834515786,0.048897,"Downtown","09","32","Commercial",1950,0,"Y","I",31500,2e+05,2e+05,2e+05,NA,0,0,0,0
"319","31150010100000030060000000","313","FAYETTE ST W","13203",20.25,105,2130.83547064171,0.048917,"Downtown","09","32","Commercial",1960,0,"N","A",31500,171000,150600,150600,NA,0,0,0,0
"320","31150010100000030050000000","317","FAYETTE ST W","13206",20.25,92.5,1873.12874424506,0.043001,"Downtown","09","32","Commercial",1960,0,"N","A",27800,204500,154500,154500,NA,0,0,305.03,0
"321","31150010100000030110000000","212-14","WALTON ST TO FAYETTE ST W","13202",66,112.5,9312.34327930879,0.213782,"Downtown","09","32","Commercial",1950,0,"N","A",110900,268900,268900,268900,NA,0,0,0,0
"322","31150010100000030040000000","321","FAYETTE ST W","13202",24,99,2366.31913869144,0.054323,"Downtown","09","32","Commercial",1920,0,"N","A",35600,180000,180000,180000,NA,0,0,0,0
"323","31150010100000030030000000","329","FAYETTE ST W TO WALTON ST","13204",87.86,205.26,13259.7027476536,0.304401,"Downtown","09","32","Commercial",1950,0,"N","A",185300,1313000,1313000,1313000,NA,0,0,0,0
"324","31150010100000030020010000","333-35","FAYETTE ST W & ONON CRK","13202",122.8,205.3,17869.4464029985,0.410226,"Downtown","09","32","Parking",0,0,NA,NA,307500,307500,0,0,NA,9553.7,13,0,3679.73
"325","31150010100000030010000000","335","FAYETTE ST W REAR","13202",62,214.8,12302.8909212463,0.282436,"Downtown","09","Null","Parks",0,0,"N",NA,12600,12600,0,0,NA,0,0,0,0
"326","31150010300000010010000000","101","OSWEGO BLVD & JAMES ST TO","13202",177.96,172.51,20605.4183444878,0.473035,"Downtown","09","32","Parking",0,0,"N",NA,502000,502000,0,0,NA,63.61,1,0,44.22
"327","31150010400000070070000000","108-12","SALINA ST N & JAMES ST","13202",44,85,3740.00420997349,0.085859,"Downtown","09","32","Commercial",1950,0,"N","A",149600,667500,0,0,NA,0,0,0,0
"328","31150010400000070040000000","119","JAMES ST","13205",10,66,659.84091403975,0.015148,"Downtown","09","32","Vacant Land",NA,0,"N",NA,700,700,0,0,NA,0,0,0,0
"329","31150010400000070050000000","114","SALINA ST N REAR","13202",22,10,220.14967678459,0.005054,"Downtown","09","32","Vacant Land",NA,0,"N",NA,200,200,0,0,NA,0,0,0,0
"330","31150010400000070080000000","114-18","SALINA ST N","13202",44,85,3740.00285766933,0.085859,"Downtown","09","32","Commercial",1950,0,"N",NA,149600,668000,0,0,NA,0,0,0,0
"331","31150010400000130040000000","200-02","GENESEE ST W & CLINTON ST","13202",31.23,62.05,841.804255589451,0.019325,"Downtown","09","32","Vacant Land",NA,0,"N",NA,38400,38400,0,0,NA,0,0,0,0
"332","31150010400000070030000000","121-27","JAMES ST","13205",45,132,5940.01400176827,0.136364,"Downtown","09","32","Parking",0,0,"N",NA,99400,101500,101500,101500,NA,0,0,0,0
"333","31150010400000070090000000","120-22","SALINA ST N","13202",44,85,3739.98751011467,0.085858,"Downtown","09","32","Commercial",1950,0,"N",NA,149600,668000,0,0,NA,0,0,0,0
"334","31150010400000110050010000","300-20","ERIE BLVD W","13202",562,810,229452.259634571,5.267499,"Downtown","02","32","Commercial",1940,0,"N","A",6e+05,13851000,13851000,13851000,NA,0,0,803.51,0
"335","31150010400000050040000000","111-13","WILLOW ST E","13057",20.5,30,618.59243567153,0.014201,"Downtown","09","32","Commercial",1930,0,"N","A",18000,57000,57000,57000,NA,0,0,0,0
"336","31150010400000130050010000","204-06","GENESEE ST W","13202",22.6,96.54,1632.94329781866,0.037487,"Downtown","09","32","Vacant Land",NA,0,"N",NA,31000,31000,0,0,NA,0,0,0,0
"337","31150010400000140010000000","101","CLINTON ST N & GENESEE ST","13202",64,422.46,75943.2451821538,1.743417,"Downtown","09","32","Commercial",1975,0,"N","A",1051900,8e+06,8e+06,8e+06,NA,0,0,0,0
"338","31150010400000070100000000","126-28","SALINA ST N","13202",22,85,1870.00469869315,0.042929,"Downtown","09","32","Commercial",1930,0,"N","A",74800,525500,525500,525500,NA,481.83,1,0,110.77
"339","31150010400000130060000000","208-12","GENESEE ST W","13202",35.42,80,2866.85206160741,0.065814,"Downtown","09","32","Commercial",1950,0,"N","A",42000,465000,185000,185000,NA,1498.91,1,720.33,44.97
"340","31150010400000070110000000","130","SALINA ST N","13205",22,85,1869.98857188114,0.042929,"Downtown","09","32","Parking",0,0,"N",NA,41300,42300,42300,42300,NA,0,0,0,0
"341","31150010400000130030010000","207-11","CLINTON ST N","13203",12.95,35.42,733.372484411295,0.016836,"Downtown","09","32","Commercial",1900,0,"N","A",15000,60000,60000,60000,NA,0,0,0,0
"342","31150010400000110040020000","105","FRANKLIN ST N & GENESEE S","13202",328.1,10.7,4356.75394541349,0.100017,"Downtown","02","32","Vacant Land",NA,0,NA,NA,28000,28000,0,0,NA,297,4,0,166.06
"343","31150010400000070020000000","131-57","JAMES ST & WARREN ST N","13205",157,202.62,31450.2445403896,0.721998,"Downtown","09","32","Parking",0,0,"N",NA,511450,522400,522400,522400,NA,0,0,0,0
"344","31150010400000070060000000","120","SALINA ST N REAR","13202",110,10,1099.99754014311,0.025252,"Downtown","09","32","Vacant Land",NA,0,"N",NA,1100,1100,0,0,NA,0,0,0,0
"345","31150010400000130070000000","216-18","GENESEE ST W TO CLINTON S","13204",30.58,100,3283.04851231059,0.075368,"Downtown","09","32","Commercial",1940,0,"N",NA,45000,495000,350000,350000,NA,0,0,0,0
"346","31150010400000070120000000","132","SALINA ST N","13205",22,85,1870.01746791761,0.04293,"Downtown","09","32","Parking",0,0,"N",NA,41300,42300,42300,42300,NA,0,0,0,0
"347","31150010400000060010000000","201-19","JAMES ST & WARREN ST N &","13202",125,142.36,10447.9025706125,0.239851,"Downtown","09","32","Parking",0,0,NA,NA,137000,137000,137000,137000,NA,0,0,0,0
"348","31150010400000060030000000","225","JAMES ST","13202",42.81,119.66,2273.44624860733,0.052191,"Downtown","09","32","Vacant Land",NA,0,NA,NA,33000,33000,0,0,NA,586.47,5,0,241.38
"349","31150010400000130090000000","234-44","GENESEE ST W","13203",71,66,4685.99128481142,0.107576,"Downtown","09","32","Commercial",1980,0,"N","A",70300,404000,404000,404000,NA,0,0,27.78,0
"350","31150010400000130020000000","221-23","CLINTON ST N","13202",53.76,15.61,796.210264973712,0.018278,"Downtown","09","32","Commercial",1900,0,"N","A",16000,87200,63700,63700,NA,0,0,192.5,0
"351","31150010400000130080000000","226-30","GENESEE ST W TO CLINTON S","13210",84.4,132,12674.0411568064,0.290956,"Downtown","09","32","Commercial",1953,0,"N","A",126000,2364000,1100000,1100000,NA,0,0,0,0
"352","31150010400000130110000000","252-58","GENESEE ST W","13202",40,65,2576.39723611812,0.059146,"Downtown","09","32","Commercial",1900,0,"N","A",39000,110000,110000,110000,NA,0,0,0,0
"353","31150010400000070010000000","137","WARREN ST N","13202",25.08,67,1574.68657272399,0.03615,"Downtown","09","32","Vacant Land",NA,0,"N",NA,75000,75000,75000,75000,NA,0,0,0,0
"354","31150010400000050030000000","115","WILLOW ST E","13202",10,97.06,1389.14974521834,0.03189,"Downtown","09","32","Parking",0,0,"N",NA,9700,9700,9700,9700,NA,994.11,5,0,204.82
"355","31150010400000050050000000","200","SALINA ST N & WILLOW ST E","13202",98.6,73.92,8260.16207795105,0.189627,"Downtown","09","32","Parking",0,0,"N",NA,171500,171500,171500,171500,NA,14304.36,5,0,1401.34
"356","31150010400000050020000000","117-21","WILLOW ST E","13202",24.33,103,2540.48792879169,0.058322,"Downtown","09","32","Parking",0,0,"N",NA,74100,74100,74100,74100,NA,5868.59,5,0,643.33
"357","31150010400000050060000000","210-12","SALINA ST N","13202",21,88,1862.69495485926,0.042762,"Downtown","09","32","Parking",0,0,"N",NA,55400,55400,55400,55400,NA,5015.71,7,0,709.03
"358","31150010400000090070000000","202-06","WILLOW ST W & CLINTON ST","13202",65.65,115.6,7672.90252264612,0.176146,"Downtown","09","32","Parking",0,0,"N",NA,106000,106000,0,0,NA,0,0,0,0
"359","31150010400000090090010000","234-48","WILLOW ST W & FRANKLIN ST","13202",97.5,123,11915.758662826,0.273548,"Downtown","09","32","Commercial",1900,0,"N","A",134400,913000,913000,913000,NA,0,0,229.63,0
"360","31150010400000050010000000","123-29","WILLOW ST E","13090",123.48,127,9845.42400037914,0.22602,"Downtown","09","32","Commercial",1950,0,"N","A",256200,356200,356200,356200,NA,0,0,0,0
"361","31150010400000110030000000","409","GENESEE ST W TO CRK","13202",266,127.44,42644.0336436258,0.978972,"Downtown","02","32","Commercial",1975,0,"N","A",210400,591700,591700,591700,NA,0,0,1199.07,0
"362","31150010400000090060000000","315","CLINTON ST N","13202",32,67.1,2153.58638730403,0.04944,"Downtown","09","32","Commercial",1930,0,"N","A",42900,216000,0,0,NA,0,0,0,0
"363","31150010400000060020000000","126-34","WARREN ST N","13218",146.31,60,6158.18366266621,0.141372,"Downtown","09","32","Commercial",1975,0,"N","A",187600,530000,530000,530000,NA,0,0,0,0
"364","31150010400000070130000000","136","SALINA ST N & WILLOW ST E","13205",132.88,205.44,33094.1908936661,0.759738,"Downtown","09","32","Parking",0,0,"N",NA,260400,291500,291500,291500,NA,0,0,0,0
"365","31150010400000130010000000","233","CLINTON ST N & WILLOW ST","13202",82.84,86.36,9451.74762779779,0.216982,"Downtown","09","32","Commercial",1900,0,"N","A",81000,408000,177600,177600,NA,0,0,315,0
"366","31150010400000130100000000","248-50","GENESEE ST W TO WILLOW ST","13202",41,152,19161.6080885827,0.43989,"Downtown","09","32","Commercial",1900,0,"N","A",1e+05,195000,195000,195000,NA,0,0,0,0
"367","31150010400000130120000000","260-64","GENESEE ST W & FRANKLIN S","13202",40,97.82,6058.03393685981,0.139073,"Downtown","09","32","Commercial",1950,0,"N","A",58200,134800,134800,134800,NA,0,0,39.72,0
"368","31150010400000120010000000","308","GENESEE ST W TO WILLOW ST","11357",126.05,144.57,4472.29974128634,0.10267,"Downtown","02","32","Commercial",1930,0,"N","A",94800,320000,320000,320000,NA,0,0,57.1,0
"369","31150010400000110040010000","303","GENESEE ST W","13202",399.2,235.06,97815.7204535622,2.24554,"Downtown","02","32","Parking",0,0,NA,NA,930000,1009840,1009840,1009840,NA,0,0,0,0
"370","31150010400000110020000000","409","GENESEE ST W REAR","13202",60,755,50128.3478706524,1.150789,"Downtown","02","Null","Vacant Land",NA,0,"N",NA,44100,44100,0,0,NA,0,0,0,0
"371","31150010400000090110000000","212","FRANKLIN ST N","13202",33,94.02,3246.00228428787,0.074518,"Downtown","09","32","Commercial",1900,0,"N","A",46500,252000,252000,252000,NA,0,0,0,0
"372","31150010400000090120000000","214","FRANKLIN ST N","13208",33,102,3366.0106278202,0.077273,"Downtown","09","32","Commercial",1900,0,"N","A",50500,150000,150000,150000,NA,0,0,0,0
"373","31150010400000110010000000","437","GENESEE ST W TO CRK","13057",107.35,100,8710.3719184445,0.199963,"Downtown","02","21.01","Parking",0,0,"N",NA,40000,60000,60000,60000,NA,0,0,0,0
"374","31150010400000090080000000","230","WILLOW ST W","13202",136.85,165,24217.5513239664,0.555958,"Downtown","09","32","Commercial",1980,0,"N","A",261800,2420000,0,0,NA,0,0,0,0
"375","31150010400000050070000000","214","SALINA ST N","19801",164.71,144,13420.8401027045,0.3081,"Downtown","09","32","Parking",0,0,"N",NA,2e+05,2e+05,2e+05,2e+05,NA,0,0,0,0
"376","31150010400000080010000000","101-239","SALINA ST N TO CLINTON ST","19801",655.29,274.57,180080.13543662,4.134071,"Downtown","09","32","Industrial",1971,0,"N","A",1794000,14785000,14785000,14785000,NA,0,0,0,0
"377","31150010400000090050000000","321-27","CLINTON ST N & HERALD PL","13206",66,134.4,8903.82244505656,0.204404,"Downtown","09","32","Commercial",1960,0,"N","A",176900,383000,383000,383000,NA,0,0,448.72,0
"378","31150010400000090040000000","203","HERALD PL","13202",66,68.26,4602.15344387909,0.105651,"Downtown","09","32","Parking",0,0,"N",NA,52000,54000,54000,54000,NA,0,0,0,0
"379","31150010400000090030000000","207-11","HERALD PL","13202",66,148.5,8838.11378573223,0.202895,"Downtown","09","32","Commercial",1950,0,"N","A",97600,110000,110000,110000,NA,0,0,0,0
"380","31150010400000090020000000","213-19","HERALD PL","13202",82,90.89,7581.74898710188,0.174053,"Downtown","09","32","Commercial",1935,0,"N",NA,75800,125000,125000,125000,NA,0,0,0,0
"381","31150010400000090010000000","221-23","HERALD PL & FRANKLIN ST N","13089",20.5,90.89,1906.41299506808,0.043765,"Downtown","09","32","Commercial",1930,0,"N","A",27000,118000,118000,118000,NA,0,0,0,0
"382","31150010400000100010000000","300-24","WILLOW ST W & FRANKLIN ST","13202",239,280.98,58767.9408807817,1.349126,"Downtown","02","32","Parking",0,0,"N",NA,385000,399000,399000,399000,NA,0,0,0,0
"383","31150010400000100020000000","344","GENESEE ST W & WILLOW ST","11360",148.25,23.01,38373.1052482345,0.880925,"Downtown","02","32","Commercial",1980,0,"N","A",409200,1300000,1300000,1300000,NA,0,0,0,0
"384","31150010400000010030000000","400","GENESEE ST W & WALLACE ST","13202",207,208.46,31037.4640177898,0.712522,"Downtown","02","32","Community Services",1940,0,"Y","A",175600,4e+05,0,0,NA,0,0,0,0
"385","31150010400000010020010000","215","WALLACE ST","13204",50,91.73,4052.55409487242,0.093034,"Downtown","02","32","Parking",0,0,"N",NA,20500,20500,20500,20500,NA,0,0,0,0
"386","31150010400000010020020000","217","WALTON ST REAR","13202",56,59.2,2851.68919927818,0.065466,"Downtown","02","32","Vacant Land",NA,0,NA,NA,8000,8000,0,0,NA,0,0,0,0
"387","31150010400000010040000000","400","GENESEE ST W REAR","13202",60,900,13102.9987879004,0.300803,"Downtown","02","Null","Vacant Land",NA,0,"N",NA,54000,54000,0,0,NA,0,0,0,0
"388","31150010400000020030000000","316","FRANKLIN ST N TO CLINTON","13202",50,300.63,15406.5211196397,0.353685,"Downtown","09","32","Vacant Land",NA,0,"N",NA,75100,75100,75100,75100,NA,0,0,0,0
"389","31150010400000010010000000","304-16","HERALD PL","13202",295,205.66,50587.7020298293,1.161334,"Downtown","09","32","Parking",0,0,"N",NA,220000,245000,245000,245000,NA,0,0,0,0
